lady	19	31	81	180	364	620	1007	1553	2247	camp	8	13	24	64	153	336	643	1053	1672
soul	22	42	93	175	331	524	825	1209	1810	wine	32	46	63	95	151	289	511	894	1444
manner	122	221	369	600	935	1347	1922	2671	3558	speech	18	25	38	69	177	370	684	1165	1825
nature	43	118	222	389	658	1030	1530	2178	3064	dream	77	149	279	440	651	968	1365	1977	2834
spirit	37	63	124	245	423	691	1071	1547	2260	noise	12	15	24	46	93	219	407	749	1200
gentleman	7	11	16	34	58	118	225	431	727	suggestion	104	176	275	408	621	876	1227	1693	2305
character	29	67	174	321	531	799	1177	1752	2462	breakfast	42	58	86	133	196	339	560	912	1371
joy	42	69	121	203	358	579	924	1370	1994	tent	5	10	13	22	36	58	108	185	350
youth	18	32	58	107	194	365	682	1178	1845	dust	5	7	16	37	72	141	293	552	962
duty	2	4	7	17	63	152	367	697	1222	cabin	4	9	17	38	70	118	206	346	616
heaven	43	68	135	235	393	600	910	1275	1827	desert	11	16	24	45	93	172	287	519	871
subject	197	342	544	863	1249	1751	2397	3164	4222	animal	23	37	53	86	166	350	643	1109	1736
master	3	8	29	79	212	437	784	1254	1957	relief	7	10	18	33	85	190	386	734	1278
danger	44	75	160	323	499	768	1132	1630	2337	prison	28	38	53	71	121	229	394	709	1155
happiness	28	55	81	141	237	382	628	966	1376	railroad	9	10	12	23	46	70	127	229	372
fortune	3	7	13	27	66	179	383	682	1169	basket	6	10	14	23	51	103	201	379	713
object	21	39	66	135	266	474	776	1210	1830	chain	4	7	11	27	58	135	313	668	1170
dear	79	121	193	343	540	827	1180	1616	2178	waste	22	32	61	109	223	422	733	1142	1738
bosom	0	2	3	3	5	10	24	48	90	mule	2	2	5	10	15	22	37	49	85
opinion	138	227	402	587	846	1208	1706	2363	3242	cotton	27	45	78	117	172	254	370	541	813
honor	30	53	86	152	292	507	859	1339	2016	deer	28	40	52	75	101	149	212	362	606
fate	7	9	22	55	117	220	409	699	1079	corn	36	55	80	133	190	245	349	514	785
occasion	36	67	121	230	387	639	951	1430	2055	glimpse	19	35	52	100	197	353	584	903	1360
brow	9	11	16	20	28	37	49	65	105	noon	99	117	158	200	246	312	422	580	819
sorrow	29	45	73	101	144	213	316	469	683	linen	12	18	31	53	90	144	212	318	475
countenance	1	2	5	8	24	41	67	119	231	bewilderment	33	47	56	74	106	157	213	319	468
devil	10	14	20	36	72	163	332	615	1006	clerk	12	20	29	43	67	106	184	290	492
servant	8	17	24	34	56	111	178	281	472	velvet	9	11	30	63	100	169	262	410	609
glory	17	33	49	91	135	228	400	682	1098	robe	8	13	16	32	49	78	120	183	264
justice	16	38	69	121	238	458	805	1307	2021	county	48	77	123	188	308	505	852	1378	2152
pity	20	43	66	131	226	371	532	808	1179	straw	0	0	1	4	11	17	39	72	171
affection	27	38	54	75	123	187	293	482	753	nonsense	39	50	82	147	230	367	580	868	1262
influence	87	167	296	539	878	1256	1763	2403	3270	childhood	11	19	37	59	104	220	426	730	1208
possession	6	11	20	35	60	99	189	357	616	destination	16	27	53	93	167	295	521	920	1481
mercy	9	15	25	48	72	108	181	304	525	ward	4	17	43	103	180	299	492	837	1357
dignity	16	29	49	77	109	171	278	454	742	curtain	7	8	13	22	47	72	122	208	373
mistress	17	22	36	51	74	124	168	234	364	barrier	1	1	5	15	27	53	89	196	423
despair	52	78	107	151	212	305	459	660	993	gallery	20	31	54	87	131	239	448	797	1330
friendship	10	15	25	49	101	173	311	548	936	settlement	17	20	30	51	89	179	313	609	1062
judgment	24	41	66	118	220	361	562	927	1431	neighbor	14	22	29	48	77	148	266	462	765
acquaintance	4	6	6	7	14	27	57	101	186	disappearance	1	3	7	13	25	34	50	80	151
authority	20	56	109	213	388	657	1049	1591	2266	violence	36	62	105	161	274	486	827	1296	1903
kindness	22	40	53	83	105	160	245	355	544	lantern	2	3	5	9	16	23	44	77	144
admiration	25	39	52	83	134	194	274	392	579	machinery	14	25	46	69	93	140	217	344	539
wisdom	24	36	58	121	206	352	601	966	1499	warmth	8	14	26	49	96	146	244	395	653
conscience	6	12	24	39	70	141	257	457	806	inspection	14	21	37	63	101	164	266	447	787
temper	4	4	5	6	13	20	37	72	137	surgeon	27	33	49	59	79	112	153	212	332
genius	3	6	13	27	69	148	302	544	926	ghost	10	17	33	59	114	244	497	849	1331
sin	6	12	23	38	60	105	186	306	530	god	184	279	433	595	837	1165	1574	2116	2869
liberty	3	5	12	29	49	130	327	673	1238	longing	21	28	44	75	132	208	311	506	756
gloom	5	8	12	17	24	35	56	104	156	crest	2	3	3	3	8	15	36	64	119
triumph	2	2	4	7	12	29	56	113	270	posture	4	6	7	14	23	51	91	140	228
necessity	70	105	197	324	497	767	1166	1669	2360	ambulance	6	9	13	16	30	47	75	120	195
virtue	16	25	43	86	134	235	383	629	958	witch	9	12	16	34	53	79	131	224	413
astonishment	25	30	42	59	79	117	180	265	376	devastation	14	21	29	39	57	80	133	200	292
misery	23	30	54	90	129	196	290	442	688	mound	1	1	1	3	5	11	23	47	129
gratitude	28	41	61	104	152	219	320	471	700	moisture	7	15	36	49	83	146	232	385	618
pardon	2	5	8	9	16	28	36	73	132	basin	3	4	6	13	22	48	88	163	256
conduct	52	121	215	365	627	987	1483	2083	2809	elevator	5	12	16	22	35	54	98	170	253
tenderness	7	8	17	34	51	67	107	160	259	foreground	1	2	2	3	10	21	36	71	135
weakness	8	18	36	63	105	171	298	517	861	battery	20	27	42	60	85	139	228	388	673
thunder	3	3	5	13	24	47	95	201	434	cowboy	3	4	7	15	21	42	91	184	354
remark	5	13	22	46	75	130	230	407	633	goose	2	3	7	8	18	40	70	106	159
scorn	16	27	40	56	78	94	139	216	347	gettin	51	74	107	161	214	279	393	552	760
evil	38	78	171	289	492	727	1065	1563	2175	purse	16	21	29	46	66	108	166	269	443
crown	2	5	12	24	39	80	207	437	913	dome	1	2	2	6	12	31	46	89	173
consideration	220	352	557	856	1266	1707	2280	3037	3879	architecture	11	17	31	57	116	203	397	677	1133
consequence	129	189	307	502	735	1093	1539	2174	2929	uncertainty	19	31	46	84	151	257	439	716	1110
madam	1	1	1	4	4	10	15	23	53	gypsy	1	7	8	11	19	26	45	86	161
deed	3	3	7	9	25	43	76	134	240	wig	8	13	20	28	42	55	80	116	194
fame	8	14	29	57	100	225	454	845	1386	ranch	10	12	23	49	80	140	213	335	551
throne	2	5	6	18	25	42	73	134	214	bicycle	18	26	33	56	90	135	198	296	510
anguish	33	49	73	104	156	216	294	423	607	stairway	8	8	11	17	24	34	51	75	108
ambition	9	16	26	42	76	120	218	348	550	festival	22	41	60	96	169	267	446	765	1233
wit	8	17	32	49	84	148	265	455	751	fare	2	3	7	13	27	57	107	193	393
distress	2	3	7	16	27	43	76	138	252	hurricane	18	20	30	40	58	85	118	182	298
sentiment	2	2	4	9	21	48	102	198	399	proximity	4	5	17	25	37	57	112	239	467
goodness	9	36	52	102	200	318	522	774	1156	waitress	6	9	11	14	21	23	33	56	104
veil	1	3	6	10	22	31	59	90	141	kin	0	0	2	3	3	7	17	40	98
rank	5	7	12	22	32	67	153	373	687	poem	15	23	44	66	108	173	302	516	862
vengeance	5	7	8	10	18	29	74	116	213	overcoat	4	7	9	15	23	32	49	77	111
foe	7	8	11	16	20	28	39	64	111	sob	1	2	6	9	12	21	37	60	123
indignation	26	40	56	72	100	155	214	313	463	starvation	7	9	12	16	24	50	85	149	238
reward	14	22	34	81	161	324	578	917	1409	harbor	13	18	30	52	84	141	245	410	708
wrath	2	7	14	25	35	60	93	160	246	saloon	2	4	4	8	11	18	31	54	89
principle	35	70	120	192	344	547	885	1335	1917	convention	6	8	17	32	68	117	216	430	851
haste	0	1	1	3	3	6	11	20	31	kettle	6	9	12	19	28	50	79	118	185
sacrifice	5	9	23	51	109	196	365	628	1035	vegetable	53	77	109	151	197	293	432	597	814
circumstance	11	19	32	58	112	185	314	543	872	millionaire	6	8	8	10	14	15	33	56	88
oath	6	9	15	20	27	32	48	90	177	drum	7	12	25	41	68	103	173	253	433
disposition	1	2	3	6	17	27	57	113	212	fraternity	6	9	9	13	21	27	36	48	73
messenger	3	5	6	10	18	26	48	95	159	magician	5	7	9	18	24	30	37	64	116
honour	12	17	39	70	108	180	325	537	874	waitin	0	4	8	11	23	43	57	89	138
vanity	4	6	7	12	22	34	52	87	158	buffalo	10	19	36	58	94	154	258	475	891
motive	5	7	11	11	22	41	78	149	290	hostess	1	3	3	5	8	16	28	35	80
praise	14	32	55	99	154	266	445	735	1164	motor	13	21	43	55	102	183	362	663	1168
solitude	8	9	12	18	29	45	69	97	158	refusal	19	29	56	97	163	270	437	670	1030
ruin	8	19	44	105	204	362	560	846	1275	herbs	24	38	58	83	135	214	323	474	720
mischief	0	0	2	4	11	18	30	63	109	verdict	15	24	34	45	57	92	151	235	375
inquiry	5	17	31	66	127	223	390	711	1148	academy	11	16	27	54	122	235	458	852	1395
enjoyment	15	27	43	82	159	306	526	861	1334	diversion	1	1	4	6	6	8	14	30	82
majesty	2	5	11	15	25	37	55	95	164	veranda	13	19	24	32	56	86	121	176	250
regard	454	702	991	1384	1883	2424	3157	3960	4943	theme	4	9	34	87	204	381	711	1128	1766
relation	123	201	359	565	836	1243	1762	2435	3246	trailer	6	13	19	33	57	100	185	338	697
assurance	7	17	29	59	100	183	329	607	945	gardener	5	6	7	8	16	28	46	81	146
mankind	8	10	18	43	76	133	244	391	658	salute	4	4	8	11	21	37	49	75	129
farewell	3	6	8	13	31	51	89	177	299	lookout	0	1	4	7	11	24	40	70	144
wretch	0	0	0	0	1	1	2	5	14	missy	2	4	14	29	58	97	163	259	414
dread	1	4	5	10	23	38	71	113	193	crust	15	25	45	77	115	188	261	374	519
jealousy	25	39	59	80	114	169	238	364	515	apparatus	27	39	68	108	161	251	380	588	881
simplicity	8	11	23	43	76	122	222	371	591	distraction	4	4	6	15	25	41	93	220	452
recollection	1	2	4	5	11	15	29	58	105	predicament	5	8	15	19	34	65	114	188	321
consent	24	48	83	137	222	347	545	794	1225	strand	1	2	3	5	7	19	33	56	94
ray	16	36	78	127	210	378	636	1091	1659	ms	4	7	16	19	36	70	159	373	787
apprehension	7	9	14	36	64	87	131	192	313	incarnation	4	7	13	18	30	47	88	152	245
strife	11	21	28	37	56	86	132	195	283	buggy	1	1	3	9	18	28	41	63	108
disgrace	7	11	15	24	41	61	93	168	263	stupidity	38	49	69	111	169	246	380	552	826
woe	1	2	5	10	17	25	45	73	119	pane	2	5	5	8	15	24	36	58	109
multitude	26	34	57	89	141	263	454	753	1205	starboard	1	2	2	6	7	11	23	37	52
maiden	0	0	0	0	3	11	25	52	108	ecstasy	4	8	13	15	25	43	59	92	148
blaze	4	5	7	12	19	25	40	67	135	mantel	4	4	4	6	7	14	24	44	72
agitation	3	8	15	19	29	49	71	112	185	firelight	0	0	0	1	1	1	2	10	20
dew	0	0	1	1	2	4	15	31	59	coil	7	12	20	34	66	104	177	292	462
toil	1	4	5	8	14	20	35	57	106	ether	4	6	11	18	28	46	67	102	145
reverence	15	20	28	46	86	120	199	297	452	intuition	5	11	22	31	40	61	92	163	264
misfortune	3	8	11	24	41	69	101	185	299	concession	1	1	1	2	3	8	14	29	60
execution	7	8	20	42	76	157	327	621	1153	geography	14	19	38	50	80	136	199	309	489
distinction	19	43	80	154	278	465	753	1178	1698	countryside	21	38	61	81	122	174	257	409	598
utterance	1	2	2	2	7	12	23	49	87	kerchief	1	4	4	5	6	12	16	26	40
mirth	1	1	2	2	6	12	21	33	61	whisky	10	13	21	32	40	56	74	105	146
objection	10	16	33	67	112	168	262	406	635	velocity	6	11	20	37	60	102	171	314	479
purity	1	2	6	11	19	38	80	137	225	flask	3	5	8	9	12	21	33	56	89
loveliness	5	7	14	25	37	67	102	174	291	mantelpiece	2	2	2	2	3	4	5	11	18
traitor	7	10	13	14	24	45	70	118	189	nickel	12	19	25	39	49	71	94	155	231
zeal	10	11	17	29	42	64	110	171	276	stair	8	9	12	14	22	37	55	78	124
tempest	0	0	0	1	1	2	6	13	26	tellin	10	16	30	45	65	92	143	221	335
remembrance	8	15	23	37	45	64	112	173	261	unhappiness	34	49	73	95	127	170	251	347	485
delicacy	3	3	4	9	14	33	58	103	177	skipper	1	4	4	11	18	34	59	94	152
obedience	1	2	4	12	24	42	65	118	198	arrogance	47	70	111	156	213	308	457	643	940
cruelty	4	10	17	33	55	89	141	231	340	ripple	1	1	1	3	5	7	8	16	33
injustice	26	40	59	88	133	205	303	460	695	outsider	1	1	1	2	2	8	20	41	83
abode	1	1	1	3	6	10	15	32	62	runnin	4	9	19	26	42	61	90	131	186
eloquence	5	10	16	24	39	65	100	164	262	spinster	1	2	2	2	3	3	7	11	24
tumult	5	9	12	14	23	34	52	94	175	burglar	5	7	8	11	15	19	28	47	74
defence	5	10	18	38	63	111	219	453	866	watchin	14	23	41	55	86	119	173	260	366
readiness	3	4	10	19	38	70	136	240	400	revulsion	20	33	44	59	77	116	166	248	386
traveller	4	7	11	19	28	36	55	87	139	omelette	9	12	24	32	66	108	165	255	351
morn	1	1	1	4	4	9	19	38	72	colt	4	6	10	15	25	33	54	81	127
prosperity	7	12	21	37	57	97	168	311	534	mortality	13	18	34	54	95	154	222	348	515
offence	12	18	29	43	74	118	178	287	453	buzzard	0	2	3	4	4	6	15	25	41
morrow	0	1	5	8	27	68	113	207	403	workin	18	26	40	51	74	103	148	215	290
intercourse	7	14	23	31	44	62	104	172	272	standpoint	4	10	26	51	106	209	361	560	878
esteem	6	6	10	18	30	43	76	139	249	miner	2	2	3	3	5	8	11	16	26
monarch	0	1	1	1	6	15	18	26	46	sundown	1	1	1	1	4	5	6	10	16
propriety	3	3	4	13	24	40	69	114	185	ugliness	10	28	48	72	104	177	273	412	636
vigor	3	4	6	9	14	23	38	72	121	sayin	118	153	217	282	383	486	612	767	986
desolation	1	1	2	3	6	11	19	40	74	schoolhouse	0	1	1	1	1	1	3	12	26
malice	3	3	9	19	34	58	87	136	201	spasm	3	5	18	25	43	63	98	162	255
grandeur	6	16	19	28	51	87	139	229	341	twinkle	1	1	2	3	3	8	14	35	54
serpent	3	3	8	9	17	26	35	75	125	gateway	1	2	3	11	29	62	105	207	406
imitation	1	2	6	9	14	26	36	61	100	battalion	17	25	34	45	67	94	136	193	274
inclination	3	3	6	9	14	27	51	113	217	prediction	10	17	21	33	54	86	156	272	468
treachery	9	13	16	30	43	71	112	153	250	finality	1	2	2	2	6	18	34	71	156
superiority	2	4	8	12	22	43	97	195	366	motherhood	3	6	11	16	27	34	54	97	159
prudence	2	3	4	10	23	32	49	68	109	homespun	0	0	0	1	2	3	9	17	32
favour	7	16	35	80	141	264	452	794	1281	walkin	0	0	0	0	0	4	11	17	33
savage	1	2	3	10	15	35	75	177	370	flank	1	1	2	3	6	10	16	29	59
torrent	21	30	43	69	95	142	206	334	502	wrapper	1	1	1	2	3	5	12	26	55
attachment	4	4	7	13	20	50	128	268	515	wallpaper	6	10	18	31	49	76	126	216	347
gentleness	15	23	36	52	77	112	165	255	379	indecision	1	2	2	9	15	27	51	94	149
scoundrel	0	0	1	1	2	5	13	27	44	barnyard	1	1	1	1	1	1	3	5	16
extremity	4	5	10	16	31	51	94	138	226	antelope	5	6	9	14	20	39	59	98	168
rapture	1	1	3	6	9	14	22	46	80	cutter	4	6	9	17	28	53	86	150	258
greatness	6	15	28	63	116	185	299	501	805	precedent	3	5	14	27	62	105	200	348	575
wreath	5	10	15	23	37	58	84	136	215	marshal	1	2	4	10	15	20	27	55	99
doctrine	18	22	40	71	123	194	323	531	855	asphalt	9	14	20	22	34	44	73	117	181
constitution	31	44	62	102	149	234	379	609	973	inflammation	35	54	88	151	239	344	512	696	967
merit	8	15	25	44	94	178	322	552	901	plea	13	26	40	64	88	136	213	333	507
discretion	8	17	32	69	122	227	361	569	877	parachute	1	3	3	5	9	16	27	41	65
proportion	37	63	119	196	313	500	780	1141	1665	sculpture	16	25	34	53	79	109	148	242	382
calamity	5	7	8	14	19	28	47	74	132	shyness	3	7	12	23	29	49	83	128	194
contemplation	10	14	22	31	48	76	121	193	305	confessional	0	1	1	1	3	3	7	13	29
reproach	3	8	15	23	41	62	104	195	319	swimmer	5	9	12	17	27	33	51	66	95
exertion	2	6	9	14	27	42	83	140	259	dreamer	2	4	4	5	7	13	16	34	77
melancholy	24	33	53	76	112	170	254	386	591	breakdown	2	5	6	16	26	61	106	230	510
indulgence	6	8	11	13	19	34	50	79	136	embankment	1	1	2	7	13	18	30	43	77
prejudice	13	17	28	39	70	115	195	327	540	plumbing	18	30	42	61	84	116	173	231	338
treason	7	10	17	35	52	74	105	149	225	hooker	0	0	2	3	3	6	21	47	94
displeasure	14	23	28	38	51	78	119	177	275	stronghold	3	4	6	8	13	23	37	62	119
draught	0	0	1	4	6	11	18	25	39	armful	3	3	3	3	5	5	7	8	10
calmness	12	17	23	35	63	106	154	244	383	drinkin	8	13	20	29	45	71	98	145	200
modesty	2	5	10	14	25	41	59	105	172	grocer	4	6	8	11	16	19	26	37	70
probability	12	30	54	82	143	229	351	543	834	irrigation	6	9	15	27	41	61	92	144	226
declaration	9	14	20	31	72	122	227	395	666	spirituality	21	36	58	87	135	224	332	503	755
coldness	3	9	15	31	45	64	110	187	294	brocade	0	0	1	3	7	23	34	57	87
superstition	2	4	9	11	16	20	35	69	122	exhilaration	8	10	20	34	58	88	137	211	315
neighbourhood	4	9	14	25	45	70	101	155	285	quartermaster	1	5	7	8	10	20	29	46	74
captive	2	2	2	2	3	6	17	27	54	unison	0	0	1	1	1	5	18	32	57
assent	0	2	3	4	6	8	17	32	66	waltz	2	4	6	8	18	29	49	78	117
solemnity	2	2	4	5	12	21	39	69	111	stockade	0	0	0	0	0	0	2	8	16
pledge	9	12	16	22	36	80	160	299	534	villa	17	27	40	68	103	154	234	359	541
fiend	1	1	1	2	3	6	12	19	36	divan	1	3	6	6	11	17	25	39	52
republic	23	43	71	100	154	225	329	504	890	plateau	2	4	4	13	22	36	58	109	162
concealment	0	2	5	6	8	11	15	23	39	stenographer	0	0	2	2	3	3	6	8	17
conquest	4	4	9	12	25	46	74	115	188	glamour	12	17	30	44	75	120	189	298	449
lustre	3	4	4	6	11	15	29	37	69	laddie	0	0	0	0	1	1	1	2	3
firmness	5	5	7	11	20	31	52	91	141	keyhole	0	0	1	4	7	16	32	61	93
fondness	8	10	18	24	40	72	122	199	325	symptom	22	35	52	84	138	217	322	490	720
proofs	2	2	3	3	6	12	28	58	116	eatin	2	4	9	23	35	53	82	140	208
falsehood	7	13	18	31	50	91	131	228	362	sombrero	0	0	1	1	1	1	3	5	14
saviour	10	16	25	43	61	96	138	198	301	palais	2	4	7	13	25	42	62	98	147
nobility	6	9	12	16	23	44	67	116	192	faraway	4	4	4	4	4	4	10	22	43
confederate	11	17	23	30	42	67	100	153	223	breakwater	0	2	4	7	8	12	17	23	42
solicitude	1	1	1	6	10	13	36	74	134	tarpaulin	2	2	2	2	2	5	10	13	22
precipice	2	2	2	4	4	11	18	23	37	subtlety	15	22	34	41	72	112	153	243	371
interference	5	7	11	20	39	84	169	321	571	conditioning	7	10	15	29	45	78	144	258	411
elevation	2	4	7	16	21	35	67	130	235	detention	20	26	35	47	64	92	120	200	320
submission	5	9	16	35	63	112	211	397	793	translator	9	10	15	22	29	45	62	113	189
infancy	5	5	5	10	20	30	40	67	114	marrow	15	18	26	39	50	83	122	168	256
refinement	4	4	6	11	18	42	88	163	284	barricade	1	1	1	1	1	1	1	2	6
gratification	0	4	6	7	18	31	64	116	207	undercurrent	1	2	2	3	5	5	9	16	28
sinner	10	14	19	25	35	47	77	122	193	fella	6	10	15	25	45	79	132	227	394
fidelity	1	1	1	4	8	14	20	41	96	cobwebs	0	0	0	1	2	2	8	16	39
piety	14	27	33	44	81	118	174	275	417	beak	5	6	6	11	16	24	39	79	132
tyranny	23	31	48	67	99	144	219	327	502	boiler	10	13	16	26	46	62	102	168	261
vale	2	4	4	6	9	29	47	107	208	han	10	23	41	65	95	130	175	213	289
affliction	0	0	0	0	4	4	11	18	43	honeysuckle	6	10	16	26	43	74	102	158	205
precaution	2	3	4	5	9	11	19	35	62	wheelbarrow	1	2	2	3	3	4	6	10	22
mortification	1	2	2	4	7	9	14	42	65	homesickness	0	1	1	5	15	21	35	59	99
immortality	0	1	1	4	5	10	14	42	80	blackboard	4	4	4	6	8	10	12	19	41
bower	0	0	0	0	1	1	2	7	30	callin	1	2	6	19	30	48	70	104	173
sentinel	1	2	3	4	6	11	15	29	45	evasion	2	6	7	11	15	21	32	53	103
wickedness	9	17	27	47	75	106	152	243	402	turpentine	0	0	1	2	3	9	11	15	27
pomp	1	4	6	7	12	22	31	53	80	omega	1	1	3	7	16	29	43	74	115
assertion	19	35	59	89	130	209	332	500	738	plaintiff	39	51	83	121	160	230	346	517	758
patriot	0	0	0	1	5	10	25	60	103	maggot	1	1	1	1	1	1	7	11	21
azure	0	2	2	5	8	17	24	43	87	pike	0	2	6	14	26	64	109	184	307
chivalry	2	3	4	8	11	19	23	42	68	jackass	3	5	5	9	16	29	42	80	129
ardor	2	4	5	7	10	12	25	40	76	swine	13	22	27	37	55	76	105	148	216
deliberation	1	2	5	11	13	24	38	61	101	nationality	3	5	6	9	19	29	46	73	128
sufferer	1	2	4	7	18	34	52	81	137	pantomime	1	1	2	4	9	12	18	23	51
flattery	0	1	1	1	3	7	12	29	61	infinity	0	0	1	1	2	5	10	22	49
delirium	1	2	3	4	6	11	17	40	73	savagery	9	10	14	18	31	50	77	131	212
neighbour	4	6	10	13	23	33	53	81	145	devilment	0	0	0	0	0	1	2	6	18
ornament	12	17	33	58	97	150	217	314	470	rectory	4	6	6	6	11	19	28	42	72
benevolence	10	12	20	29	40	67	106	156	234	coronation	0	1	1	2	3	6	11	26	49
mien	0	0	0	0	0	0	3	8	17	rev	1	1	1	2	4	8	18	47	108
discharge	3	3	7	10	16	51	115	251	498	fertility	5	8	9	23	31	54	93	156	254
boon	0	0	0	0	0	2	4	13	34	ore	7	9	15	21	28	42	62	92	142
ruffian	0	0	0	0	0	0	0	0	0	rebuff	0	0	0	1	3	9	15	36	88
obscurity	1	2	3	6	10	17	32	56	103	gymnasium	6	8	11	14	26	40	63	88	136
remedy	12	22	30	50	91	156	277	495	844	ruler	1	1	1	5	6	10	16	42	71
estimation	24	43	59	83	121	163	246	395	606	actuality	3	6	13	26	52	88	179	294	467
habitation	0	2	3	4	6	8	15	24	36	penetration	2	5	11	21	34	52	104	158	264
nobleman	3	4	7	8	10	20	29	48	87	shingle	3	3	5	5	7	10	17	29	44
approbation	1	2	6	7	11	19	37	59	97	advertiser	1	3	5	6	6	12	24	45	85
vexation	1	1	2	2	4	13	29	51	94	corsair	2	3	8	14	31	48	75	105	168
boldness	5	7	19	27	57	89	136	213	343	potency	2	5	16	25	39	59	99	156	258
oar	1	1	2	2	3	3	5	9	18	sho	0	1	1	1	1	2	5	10	28
commerce	3	5	13	30	65	110	188	379	739	vinegar	46	64	99	140	214	300	401	551	712
fortitude	3	5	7	9	15	23	46	71	113	radiator	6	10	20	31	41	88	134	226	360
valor	2	3	4	4	7	7	10	19	28	cryin	3	8	17	27	35	61	90	129	193
extravagance	8	13	16	21	43	69	118	200	307	punctuation	9	10	13	19	38	54	84	122	167
aversion	3	7	12	24	40	77	103	160	247	fireman	3	4	4	7	9	13	16	27	47
refreshment	1	1	2	5	9	15	23	44	76	femininity	7	11	15	24	32	56	93	154	259
repentance	18	25	37	56	84	124	186	269	380	scarecrow	0	1	2	3	5	7	16	22	39
hail	1	3	3	5	10	13	25	42	89	riot	5	9	14	22	29	48	91	150	239
insolence	0	1	4	7	12	22	40	83	140	porthole	0	1	1	1	1	1	1	4	7
magnificence	10	18	26	38	61	87	146	230	375	metamorphosis	0	2	3	3	3	3	10	13	20
bondage	26	44	65	90	122	182	247	323	427	patter	1	2	3	3	3	4	5	5	11
vehemence	3	6	8	13	24	46	73	128	240	brigadier	15	16	22	27	41	51	66	94	130
eminence	0	0	0	0	0	0	0	2	2	heather	45	83	127	196	284	424	586	835	1207
shrieks	29	40	50	74	96	132	180	253	343	oyster	7	7	10	12	19	32	55	91	153
gallantry	3	4	4	6	9	10	13	15	23	mausoleum	2	5	6	10	17	30	44	63	94
deportment	0	1	1	4	6	7	11	16	32	horsehair	0	0	0	0	0	3	4	9	17
idleness	2	2	3	6	10	31	49	84	137	hearsay	4	7	9	14	21	32	52	86	143
drapery	4	7	11	13	15	26	32	64	94	leavin	1	3	5	14	27	42	61	90	130
wretchedness	2	4	14	23	35	65	118	194	330	spaciousness	6	7	10	18	28	46	92	136	212
conjecture	7	9	17	30	47	65	110	176	248	solicitor	7	13	15	19	39	55	99	147	217
provision	66	118	195	298	492	774	1155	1679	2278	livestock	24	29	37	53	77	106	158	241	373
deliverance	1	3	8	14	29	53	90	142	218	windowpane	0	1	3	3	3	5	9	19	27
repast	0	0	0	0	1	3	10	28	47	topaz	25	34	50	67	85	104	139	177	238
dominion	0	1	1	2	4	8	23	40	66	gondola	2	3	3	5	7	15	22	37	66
damsel	1	1	1	1	2	3	3	6	10	tinkle	0	0	0	1	1	1	1	1	4
yoke	1	1	1	4	5	10	27	48	87	query	15	25	38	80	151	258	425	675	1098
vigilance	1	2	3	3	4	6	11	26	66	sapphire	31	43	56	68	90	114	164	214	290
wont	249	333	451	591	756	997	1280	1638	2160	quart	6	8	14	30	43	68	101	137	203
oppression	30	44	67	94	137	211	316	476	690	toothbrush	4	5	8	13	22	37	52	74	118
edifice	1	1	3	4	5	8	16	38	67	lilacs	8	15	21	35	44	61	76	106	142
impudence	2	3	3	5	7	17	34	68	136	oilcloth	1	1	1	2	2	2	4	6	15
peal	1	1	1	2	3	3	5	8	10	ber	0	0	0	0	0	0	3	5	12
forbearance	2	3	5	6	12	22	31	51	78	fabrication	9	11	17	26	39	80	119	185	325
saith	13	16	21	23	34	54	93	136	200	pard	0	0	0	0	0	0	0	1	3
inconvenience	5	12	23	34	46	79	132	217	377	constellation	1	4	5	10	15	26	42	73	93
orator	3	5	11	16	24	29	42	59	84	chintz	0	0	0	0	1	6	14	20	33
forgetfulness	8	9	16	27	44	67	109	178	268	attractiveness	1	1	3	5	10	25	57	108	176
distrust	29	42	53	67	103	139	211	324	482	tornado	9	12	17	22	29	48	70	98	154
tranquillity	10	11	15	22	32	43	58	91	134	lawlessness	2	6	11	22	41	69	101	154	256
rudeness	9	16	32	47	70	103	154	240	362	spoonful	4	6	10	12	17	21	36	76	125
pretext	5	7	8	13	18	32	56	97	193	hubbub	7	11	16	22	26	31	42	66	100
enchantment	1	3	5	8	11	16	28	44	77	standstill	1	1	1	1	3	3	8	16	28
respectability	1	2	6	11	18	27	44	84	148	inevitability	2	7	9	14	20	33	65	122	246
clime	0	0	1	1	1	1	2	2	3	minuet	0	2	4	10	17	23	41	61	88
conqueror	1	1	2	4	4	7	13	23	37	amethyst	73	84	104	125	157	192	245	319	412
mould	5	5	8	9	13	19	37	61	102	alkali	8	14	26	44	65	99	146	221	318
laurel	2	9	16	31	53	88	162	281	476	possum	2	2	3	4	6	7	14	29	45
cultivation	6	8	19	31	43	63	98	159	234	turbulence	1	3	4	5	11	25	48	82	138
thro	2	3	4	4	5	7	13	17	30	latin	4	7	11	22	44	74	136	232	464
hypocrite	18	35	52	67	98	160	247	352	513	viscount	2	2	2	3	5	5	7	19	32
benefactor	2	2	3	3	6	15	26	39	61	treasurer	21	29	40	55	84	120	185	298	471
felicity	0	0	0	1	1	5	17	40	82	blueness	0	0	0	0	0	0	0	1	9
tread	1	5	6	10	14	19	44	71	137	flute	21	27	37	51	80	102	131	179	251
enmity	9	12	15	21	27	40	69	110	177	coupe	23	44	70	91	134	171	232	338	472
maxim	0	0	0	1	5	7	12	16	30	libel	4	5	9	15	23	43	67	112	174
timidity	3	6	8	19	41	78	134	189	310	neophyte	0	0	2	2	4	8	10	17	32
meanness	9	14	27	54	95	163	238	377	541	trouser	2	2	5	7	15	24	37	62	99
renown	4	7	11	16	26	36	53	72	109	cuckoo	0	1	1	2	4	6	10	20	36
absurdity	21	34	49	72	100	160	238	375	594	jeopardy	0	0	0	0	1	3	5	12	18
matrimony	1	1	1	1	2	7	10	18	33	reindeer	7	8	12	22	31	35	59	84	135
adventurer	1	2	4	9	15	23	32	59	97	diaphragm	6	9	11	17	26	46	74	132	218
intimation	0	0	0	5	8	9	11	28	62	contralto	2	4	5	7	10	12	16	26	37
reproof	0	0	2	2	3	5	8	17	25	pigtail	1	1	1	2	2	7	16	29	42
verdure	0	0	0	0	0	0	0	2	5	bugler	0	0	1	1	1	1	1	2	2
commencement	2	2	4	8	15	33	49	93	176	articulation	1	2	3	4	10	18	27	51	100
isle	5	8	15	27	46	75	127	211	317	joker	7	8	10	11	17	24	36	58	117
ridicule	14	27	36	56	76	126	182	273	417	cobbler	2	3	9	15	28	35	57	110	169
termination	7	14	23	48	85	141	247	409	684	drawbridge	0	0	1	2	2	3	5	6	13
casement	1	1	1	3	3	6	10	19	28	barroom	1	1	2	3	4	4	4	10	17
supposition	5	10	28	47	75	105	164	229	330	projectile	1	1	3	5	10	17	24	43	64
sagacity	0	0	0	2	2	5	11	14	24	crowder	0	0	0	2	3	4	7	22	44
posterity	0	0	0	1	5	8	20	38	73	smuggler	1	2	3	3	3	5	5	9	16
scaffold	2	2	2	2	3	4	9	17	35	postage	22	35	54	76	115	173	238	339	549
discord	7	12	23	30	37	56	80	123	188	potion	1	2	5	7	11	15	23	42	68
preservation	6	7	12	31	59	118	208	354	601	bureaucracy	7	7	13	19	44	74	131	220	381
brood	0	0	1	4	6	8	15	26	41	halo	5	7	16	27	44	76	122	185	294
patronage	0	0	0	1	3	6	21	44	77	lecturer	25	34	54	82	108	157	229	337	485
succor	1	1	1	1	1	1	2	4	12	trinity	9	16	22	34	51	83	144	252	515
spectre	0	0	0	1	1	1	2	3	8	stayin	1	1	1	1	4	8	14	29	47
lash	5	7	8	9	13	22	29	43	66	ant	1	2	8	10	15	28	40	70	109
avail	5	8	15	29	46	92	189	325	558	feud	4	5	5	7	13	24	48	74	125
proverb	3	3	4	4	8	14	22	37	57	saffron	1	2	7	19	28	55	89	136	213
worthy	21	46	103	202	347	545	840	1268	1813	arrest	43	54	70	109	172	254	405	621	994
sovereign	1	1	4	8	27	49	79	172	296	crocodile	7	9	10	13	25	38	50	74	108
peculiarity	1	1	2	3	6	9	14	29	68	storekeeper	0	1	1	1	1	3	6	12	26
sanctity	3	3	4	11	19	29	52	95	161	impetus	1	4	6	13	21	40	101	184	367
heathen	4	5	5	13	22	43	68	121	200	nostril	2	2	2	4	6	8	16	25	53
dissipation	0	1	3	5	17	27	53	98	156	companionway	0	0	1	1	1	3	6	10	23
impertinence	1	1	2	4	7	10	22	48	95	harpsichord	19	23	34	49	61	91	130	177	233
malady	1	1	4	6	10	17	21	34	69	caper	0	0	0	2	2	3	10	15	36
perusal	0	2	3	3	3	5	7	10	20	informer	0	0	0	0	0	0	0	1	2
possessor	0	0	0	0	2	3	5	7	14	negation	0	1	1	3	7	22	43	84	157
affectation	3	3	5	13	23	37	72	135	263	spontaneity	10	15	25	35	57	81	125	200	300
boast	4	6	13	28	51	95	191	354	612	growl	4	11	15	17	24	30	41	61	89
vivacity	1	2	3	4	9	17	33	51	98	sureness	0	0	0	1	7	15	37	72	146
constancy	2	4	5	8	18	32	59	100	160	grayness	1	1	1	1	1	1	1	3	3
miser	0	0	0	0	1	3	3	3	4	setter	1	1	1	2	5	6	8	19	35
countryman	1	1	1	2	3	5	7	9	12	apotheosis	0	0	1	1	1	1	2	10	22
triumphs	11	13	18	23	31	42	60	98	149	cascade	1	2	3	4	16	23	35	66	130
antiquity	7	7	15	21	45	62	98	161	253	downpour	8	9	13	17	22	33	49	70	98
latitude	2	5	5	9	15	21	29	47	71	anatomy	3	4	5	7	13	29	58	111	202
obstinacy	2	2	3	5	12	26	56	111	186	humorist	5	7	10	14	20	29	43	65	96
sooth	7	10	16	23	33	42	56	87	132	casey	60	132	220	319	439	605	811	1123	1612
levity	2	4	5	10	16	21	36	53	88	pansy	1	1	1	1	2	7	21	40	61
despondency	17	22	34	53	72	113	167	242	378	quarterdeck	0	0	0	0	0	0	0	1	1
plumage	2	3	7	12	18	26	40	58	99	lunacy	4	7	9	12	20	42	66	107	200
nay	2	2	4	7	10	15	21	32	50	rye	2	3	6	9	15	26	47	75	127
prodigal	0	1	1	1	1	1	2	6	14	thinness	0	2	3	5	9	15	30	52	97
express	0	1	4	21	67	178	375	698	1207	faculty	59	97	151	211	309	451	667	999	1521
firmament	1	1	1	1	2	2	4	7	16	buckshot	0	0	1	2	4	5	10	12	16
treasury	9	16	24	35	70	112	179	287	492	iceberg	1	2	3	3	4	4	9	15	34
providence	7	16	32	58	81	145	224	332	495	playhouse	1	1	1	3	5	7	10	20	55
plunder	6	6	7	8	10	21	33	47	85	rigidity	5	12	17	35	48	63	101	178	279
fierceness	1	1	1	3	6	10	18	43	89	rightness	2	3	4	6	14	32	59	120	212
pestilence	3	3	4	5	7	12	19	40	73	bloodhound	0	0	0	0	1	6	10	22	35
ingratitude	2	5	12	24	50	88	139	233	359	handmaiden	0	0	0	0	0	0	2	2	3
intoxication	2	6	9	13	22	40	58	97	183	indebtedness	5	7	11	20	32	48	76	116	185
penitence	4	4	6	8	16	24	38	57	102	bludgeon	0	0	0	4	6	7	12	27	46
thankfulness	2	7	10	20	32	52	67	102	168	disfigurement	1	1	3	4	5	14	21	39	66
alteration	5	6	6	10	20	46	93	164	284	heartache	8	13	16	24	38	54	88	134	198
navigation	5	10	19	28	53	100	174	338	641	asparagus	96	119	156	208	290	373	478	593	731
adversity	8	14	24	31	47	76	118	191	301	propeller	5	7	10	15	22	38	62	94	146
remonstrance	0	0	0	0	1	1	2	3	6	devotedness	0	0	0	0	0	3	7	14	27
sceptre	1	1	1	1	1	1	1	1	3	waggin	0	0	0	0	0	1	1	3	3
martyrs	3	4	6	7	12	25	45	84	141	thrift	0	2	2	9	12	14	25	42	86
admittance	1	1	1	1	1	1	4	8	15	manservant	1	2	2	3	3	3	3	5	5
sanction	6	10	13	22	35	57	120	215	356	abduction	2	3	5	6	11	22	35	57	91
tribunal	8	14	22	31	53	82	127	223	340	terrier	43	50	60	82	102	121	152	184	239
strait	2	3	4	4	6	10	21	26	44	heron	2	3	6	15	26	37	62	98	146
inference	15	23	34	55	85	126	194	313	459	sameness	2	2	3	6	15	22	46	86	162
cataract	5	6	13	22	29	39	54	92	146	quinine	3	4	6	8	22	46	103	203	339
impostor	1	1	1	2	2	2	3	11	25	taffeta	21	31	40	49	64	100	122	172	234
infamy	0	0	0	1	4	5	6	7	14	kaiser	1	1	1	1	2	8	15	32	73
consummation	1	1	2	3	3	5	9	18	45	youthfulness	3	4	6	7	12	17	27	46	102
wanderer	0	0	0	1	1	5	8	12	29	archery	4	6	8	13	21	39	65	101	151
iniquity	2	4	13	20	24	36	52	89	135	lioness	0	1	1	1	5	7	8	16	30
infirmity	1	1	4	7	10	16	21	34	76	farmyard	1	1	1	1	1	1	1	6	8
mariner	3	3	6	11	18	37	65	105	186	bigness	1	1	1	2	2	5	12	25	47
cavalcade	0	0	0	0	0	0	0	1	1	idealist	4	5	7	11	17	32	46	70	135
magnanimity	7	11	17	29	48	78	140	222	361	somnolence	7	11	16	24	39	53	79	105	150
supplication	2	3	5	5	8	11	25	35	59	extinguisher	1	1	2	3	4	6	8	14	25
revelry	4	9	9	10	17	23	38	54	86	fiancee	6	10	17	22	30	49	66	93	136
plough	2	2	3	4	7	12	12	15	18	spunk	2	2	4	11	22	39	59	95	167
continuance	0	1	4	8	14	32	67	124	230	haberdashery	0	0	0	2	3	4	6	11	18
rashness	0	0	0	0	0	2	5	12	27	duellist	0	0	0	0	0	0	0	2	14
stratagem	0	1	2	4	7	11	13	20	29	horoscope	12	13	13	14	17	21	28	36	49
blasphemy	3	5	8	11	21	37	67	113	190	flotilla	3	6	8	10	13	16	25	49	96
defect	3	7	9	14	30	56	114	200	371	tonic	1	3	4	4	14	26	39	72	116
conveyance	3	4	5	6	8	16	29	58	100	jubilation	0	1	2	2	4	7	17	32	61
caprice	1	1	1	5	5	10	16	26	42	streamer	1	1	1	1	1	1	3	3	6
veneration	3	4	6	11	13	24	44	67	104	mockingbird	0	0	0	0	0	0	2	3	9
singular	7	9	17	27	47	79	152	268	469	autopsy	4	6	6	8	14	20	35	49	83
depravity	6	10	23	37	59	102	156	241	379	deafness	3	6	11	15	21	33	54	94	162
dexterity	2	6	9	14	21	35	57	86	130	mediator	5	6	6	8	15	23	33	42	72
beaux	1	1	1	1	4	8	13	20	39	prance	4	5	6	10	16	30	54	83	138
contrivance	1	1	2	3	4	9	15	23	38	bricklayer	2	2	4	6	7	10	17	23	33
impunity	1	3	5	11	20	34	59	114	216	algebra	13	15	24	38	49	70	103	155	231
vigour	4	6	8	17	24	34	49	84	149	menage	2	2	2	2	2	3	4	6	7
appellation	1	2	7	10	20	29	40	59	87	seersucker	3	8	15	19	26	40	75	125	203
epistle	11	13	17	23	30	43	65	93	138	redeemer	4	4	7	12	17	26	47	78	125
privation	2	3	6	10	14	21	41	68	134	scullery	0	0	0	0	1	4	11	20	43
sacrilege	0	1	2	2	4	8	15	25	46	poignancy	12	15	29	45	58	111	163	259	388
sepulchre	1	1	1	2	2	4	7	12	29	puritanism	2	2	9	16	31	57	97	141	216
bustle	3	6	7	8	12	22	37	57	98	quail	8	10	13	20	35	56	73	96	139
canvass	1	1	2	2	3	4	8	12	23	rostrum	0	0	0	0	1	1	1	1	1
divine	34	52	81	118	189	294	488	781	1202	legacy	2	7	16	31	82	188	414	787	1341
commonwealth	2	6	14	37	63	115	215	376	644	partisanship	7	18	33	43	65	95	158	239	381
soldiery	0	0	0	0	0	0	0	1	10	clipper	0	2	2	5	8	13	15	22	38
perdition	0	0	1	1	1	1	2	6	13	disfavor	0	0	0	1	1	1	1	1	2
favourite	17	40	74	154	293	535	890	1311	1896	reprimand	4	6	9	13	17	23	45	66	105
censure	5	7	14	20	25	33	46	71	125	tinder	1	1	1	1	1	1	1	3	8
chambermaid	0	0	0	0	0	1	3	6	11	roundabout	2	3	7	8	12	25	40	61	102
recompense	1	3	3	4	10	19	28	63	142	bowstring	0	0	0	0	0	0	0	0	7
partiality	2	3	6	10	17	39	68	112	203	dilettante	0	0	0	0	0	0	0	0	1
garland	1	3	7	14	26	41	63	126	229	cordon	1	1	1	1	1	1	3	3	4
indiscretion	1	1	2	3	8	16	38	63	117	subservience	5	7	13	16	24	44	82	162	285
meekness	3	3	7	9	16	25	36	56	97	wrecker	1	2	2	3	4	8	11	15	20
slander	11	18	29	44	65	98	149	232	339	turnip	23	27	36	45	62	82	107	153	215
rectitude	2	4	6	9	13	24	59	109	200	senility	0	0	0	3	4	6	8	16	36
knell	0	1	1	1	1	1	1	3	6	crock	7	10	17	36	52	81	129	195	286
moderation	0	0	0	1	2	7	23	61	137	contraction	1	2	6	14	28	43	92	159	265
credulity	1	1	1	4	7	16	33	59	119	stoppage	1	2	2	3	4	6	11	24	43
commendation	3	3	5	8	12	16	27	42	66	decisiveness	3	11	15	26	45	81	123	178	286
abhorrence	7	8	10	13	28	45	78	134	203	plumpness	0	0	0	0	0	0	1	2	9
antipathy	17	21	25	38	55	77	110	177	272	unfairness	7	13	25	42	74	122	175	270	415
contagion	0	0	0	0	2	4	10	18	40	dandelion	1	4	8	16	25	48	73	115	171
soliloquy	1	2	3	3	4	4	8	13	21	reticule	0	0	0	0	0	3	6	6	11
insensibility	0	0	0	2	4	11	27	58	107	supererogation	0	0	0	0	0	1	1	4	9
adieu	1	3	3	4	7	8	14	22	31	lire	0	1	2	5	9	16	39	69	120
idolatry	11	17	26	44	57	90	136	235	359	marigold	1	1	1	6	12	21	35	54	92
omission	7	14	18	31	58	85	138	226	373	workroom	0	0	0	1	1	1	5	9	16
parentage	1	2	2	2	2	4	7	10	29	mandarin	2	3	4	8	18	36	64	87	147
epithet	2	3	4	7	14	17	29	48	88	bowler	6	9	10	13	22	36	58	79	125
insurrection	3	5	8	10	11	18	26	48	77	screwdriver	7	7	9	15	22	34	52	73	122
avowal	0	0	0	2	3	6	13	31	68	franc	4	6	7	10	15	22	33	49	74
preface	4	8	11	20	33	49	84	128	215	occult	9	11	15	23	33	44	63	98	148
indolence	2	2	6	15	30	58	90	152	241	compatriot	5	5	8	14	27	42	68	99	167
weal	0	0	0	0	0	1	1	1	1	faire	1	3	4	8	17	33	49	97	139
baseness	1	1	1	2	5	14	26	54	106	whaleboat	0	0	0	0	0	0	0	0	0
sublimity	0	0	0	0	2	5	7	10	19	mignonette	0	0	0	0	0	0	1	3	7
inhabitant	0	1	1	1	1	3	5	9	10	persimmon	0	1	5	10	12	23	37	57	84
servitude	3	5	7	13	16	22	30	55	97	headboard	8	17	22	29	34	51	82	128	185
exclusion	5	8	11	29	52	102	178	307	544	eruption	5	10	13	19	24	31	39	59	84
oration	1	1	2	4	6	6	10	18	29	corsage	3	4	5	9	14	26	50	88	128
apostle	7	13	29	46	70	112	161	247	366	scepter	1	1	1	1	1	1	4	5	13
avarice	8	12	21	35	45	64	90	145	218	pronoun	11	16	20	22	28	29	39	52	77
diffidence	2	5	7	9	21	39	77	164	282	reconnoiter	1	1	1	1	1	1	1	1	3
observance	2	5	10	14	24	43	76	108	181	socialism	35	43	67	98	142	200	276	381	522
troth	0	0	1	1	1	1	1	1	1	bobbin	1	1	4	5	8	13	16	26	43
subjection	0	2	3	4	5	9	16	33	59	slackness	0	0	0	0	0	0	0	6	13
reformation	5	7	15	26	47	72	115	187	286	proscenium	0	0	0	0	0	0	0	0	2
deliverer	0	0	1	3	4	4	4	10	13	buttress	0	0	0	0	1	1	4	7	10
nightingale	0	0	0	0	0	0	2	4	10	trespasser	0	0	0	1	1	1	1	3	5
confederacy	1	2	3	6	8	10	18	30	55	inwardness	0	0	0	0	1	1	2	12	35
unbelief	2	2	9	17	30	63	98	157	262	licence	7	11	12	21	35	64	104	175	302
lamentation	0	1	4	8	11	17	24	46	70	readjustment	1	1	1	1	1	3	7	11	16
requisition	0	2	2	2	2	4	13	33	66	tumbledown	0	0	0	0	0	1	1	2	4
festivity	6	6	8	12	20	28	40	71	120	oleander	0	0	0	1	1	3	6	13	18
commiseration	0	0	0	0	0	2	7	18	46	thundercloud	0	0	0	0	0	0	0	0	0
purport	2	2	3	5	11	19	33	64	139	chasin	0	0	0	0	0	0	0	9	33
prerogative	1	1	2	3	3	5	9	16	30	tranquility	13	19	26	34	48	69	97	139	225
perfidy	0	1	1	3	7	13	26	52	94	jackal	1	1	1	2	3	6	9	16	34
temerity	1	3	4	5	7	9	18	32	57	bleedin	1	2	2	4	5	14	24	38	65
inducement	1	2	2	2	4	6	11	18	40	machinist	1	5	7	9	15	22	36	45	59
physiognomy	0	0	0	1	1	1	1	1	3	soothsayer	0	0	0	0	0	0	2	3	6
scruple	1	2	4	5	7	9	11	20	48	mallow	0	0	1	1	1	2	6	11	30
insignificance	1	3	5	6	10	14	21	30	54	breathlessness	9	18	22	31	51	77	118	169	242
accession	0	0	1	2	2	2	3	7	13	filigree	28	39	60	80	111	152	217	287	393
brave	10	15	28	51	98	197	390	655	1062	jury	26	43	59	83	133	181	301	473	763
correctness	5	10	13	25	37	49	100	178	300	dinnertime	4	5	5	8	11	13	19	35	52
hardihood	0	0	1	1	2	5	10	28	68	everlastin	0	0	0	0	0	0	0	4	26
meridian	0	0	0	0	0	3	14	34	81	parquet	4	6	8	8	18	32	58	83	120
feebleness	0	0	5	11	18	32	58	147	267	dishcloth	2	3	5	6	6	12	19	28	39
converse	2	3	4	7	11	18	31	45	85	caribou	1	3	4	8	14	22	35	63	101
tempter	0	0	0	0	0	0	1	1	6	bondman	0	0	0	0	0	0	0	0	0
weep	7	10	13	17	28	49	73	118	174	fox	11	16	36	85	184	424	770	1273	1982
unkindness	0	0	2	4	4	8	18	35	77	snowdrift	0	0	0	0	0	0	0	0	1
monarchs	0	1	3	4	6	19	37	53	86	trestle	0	0	0	0	2	3	7	18	31
acquit	2	4	4	6	10	13	19	27	48	qualm	1	2	3	4	5	10	16	27	48
malignity	0	0	0	0	0	1	6	20	57	pharisee	2	2	2	2	2	2	4	9	20
disconsolate	2	5	9	10	18	28	45	84	156	materialist	18	27	35	53	79	108	161	234	349
conformity	3	5	7	11	21	43	83	163	309	backwater	1	1	2	4	6	7	16	28	48
despotism	7	8	13	25	32	42	56	89	139	joviality	1	1	3	5	15	23	34	61	157
parley	0	0	0	0	0	0	0	0	1	garnet	28	37	54	67	81	105	131	182	253
intemperance	0	1	1	1	3	9	16	32	57	materiality	0	0	1	3	6	15	30	49	88
expediency	2	3	3	6	8	15	27	44	91	timepiece	7	10	12	17	27	36	58	82	111
forfeit	3	3	5	6	11	26	52	81	148	enigma	0	0	0	0	1	4	7	8	17
mildness	1	1	1	3	6	13	26	56	94	dumbness	0	1	1	4	9	21	51	99	175
despot	6	9	11	15	18	23	50	64	111	elfin	0	0	0	0	0	0	0	0	1
dispensation	1	1	1	4	4	7	16	35	68	downtrodden	10	13	21	31	46	69	113	153	238
oppressor	1	1	2	2	3	4	8	17	28	lucidity	0	0	0	0	0	1	1	3	11
expedient	0	3	7	12	21	31	53	91	169	doomsday	2	3	3	7	8	12	14	28	46
inconsistency	13	24	33	45	78	113	183	292	464	ruthlessness	12	19	31	46	85	139	223	344	489
raillery	0	0	0	0	0	1	2	5	21	conscript	1	1	3	3	3	3	3	5	12
celerity	0	0	0	0	0	0	0	0	3	songster	0	0	0	0	0	0	0	1	2
avidity	0	0	0	0	0	0	0	0	4	redcoat	0	0	0	0	0	0	0	0	0
veracity	7	13	20	25	32	46	77	112	157	undertow	0	0	0	0	0	0	0	1	3
dale	22	59	116	194	314	445	626	851	1164	pic	46	69	102	159	252	376	579	860	1263
discernment	1	3	10	14	27	45	81	141	210	bronchitis	22	32	47	74	102	138	196	274	370
penitent	2	4	4	7	11	15	20	34	70	godsend	3	4	4	5	8	11	15	25	48
vindication	0	0	1	2	4	8	14	28	55	stagnation	2	4	5	17	30	53	77	130	204
loiter	0	0	0	0	3	4	5	10	22	briar	0	0	0	0	2	5	7	17	30
worshipper	3	4	7	8	9	11	15	18	37	palmettos	0	0	0	0	0	0	0	2	9
imbecility	0	1	3	4	12	27	61	131	245	doggedness	1	2	2	4	10	21	38	68	124
rill	0	0	0	0	0	0	0	0	1	mot	1	1	1	1	2	4	6	18	31
dupe	1	1	1	2	5	7	10	11	18	tol	0	0	1	1	1	1	1	3	4
unworthiness	4	4	11	17	26	47	77	146	240	organisation	19	43	88	160	273	460	751	1205	1823
manoeuvre	6	7	8	8	10	11	14	17	25	hugeness	1	1	1	2	3	7	13	31	67
petulance	7	12	22	38	81	148	236	385	611	torturer	2	2	3	3	4	7	13	23	49
inquisition	2	3	4	6	9	15	28	47	77	tourniquet	0	1	1	1	1	1	4	4	7
effusion	2	4	7	7	9	14	18	25	36	viaduct	0	2	3	3	7	13	16	26	47
amity	0	0	0	0	0	0	0	1	6	moire	0	1	1	1	1	1	2	3	4
tribulation	0	0	1	2	3	14	23	36	72	immaturity	17	21	32	51	72	106	163	256	377
cupidity	0	0	1	1	2	4	9	19	55	hatband	0	0	1	1	1	2	2	4	6
haughtiness	0	0	0	3	7	11	23	34	57	portmanteaus	0	0	0	0	0	0	1	1	5
exactness	4	5	9	12	20	34	72	111	185	falchion	0	0	0	0	0	2	2	5	9
harps	1	1	2	6	9	11	16	27	41	newt	17	25	31	44	56	75	110	152	215
detestation	1	2	2	4	5	9	11	20	46	bibliomaniac	0	0	0	0	0	0	0	4	32
solicitation	3	4	5	7	12	18	34	59	113	manipulator	1	1	1	1	2	5	5	8	13
digression	1	2	2	4	6	10	17	35	86	bumblebee	4	8	9	11	13	17	29	42	67
chastisement	0	0	0	0	1	6	15	29	53	alliteration	5	6	10	11	15	19	29	44	69
blockhead	0	0	0	0	0	0	0	0	2	invalidism	0	0	0	0	1	5	29	103	294
incapacity	0	1	5	7	15	23	35	60	109	chicanery	10	14	21	33	47	71	120	189	293
futurity	2	3	5	8	14	22	28	39	60	messmate	0	0	0	0	0	0	0	0	11
concurrence	0	0	1	2	4	9	16	38	53	orderliness	2	2	2	3	4	5	14	24	46
diminution	2	4	5	5	11	27	36	78	149	ostracism	4	7	11	15	28	38	60	105	151
patrimony	0	0	0	0	0	0	5	7	19	sacristy	0	0	1	4	9	12	23	30	49
tradesman	1	1	2	4	6	10	13	19	28	hedgehog	1	2	2	4	7	12	24	45	75
nicety	1	1	1	2	3	4	9	21	40	betta	1	2	2	3	6	9	17	32	60
endeavour	2	2	3	6	11	13	20	42	86	claymore	0	0	0	0	0	0	5	7	22
multiplication	3	6	12	14	22	36	54	89	128	disenchantment	6	8	17	26	37	56	71	109	179
perversion	2	4	6	14	20	43	68	117	183	burlesque	2	5	10	16	21	35	47	72	132
precept	0	0	1	2	2	2	3	5	6	houseful	0	0	0	0	0	0	1	2	3
till	45	88	181	325	497	748	1076	1426	1922	sink	13	20	30	53	78	124	202	368	636
uniformity	4	7	9	21	33	62	110	182	301	blueberry	49	68	85	121	175	256	344	451	601
cognizance	1	1	1	1	2	4	4	8	17	subtraction	5	6	10	12	15	22	34	61	89
specie	0	0	0	0	0	1	1	1	5	gaoler	0	0	1	1	1	1	1	3	4
toleration	0	0	1	2	4	12	29	64	119	moderator	1	2	2	6	16	19	38	77	139
emulation	2	3	3	5	16	29	68	108	172	keystone	0	0	0	0	2	5	9	15	39
repulse	0	0	0	0	0	0	1	3	3	blotch	0	0	0	1	1	4	6	12	27
punctuality	3	4	9	12	14	20	29	50	81	transference	0	1	1	1	2	2	5	8	28
expiation	1	2	2	5	9	10	13	20	34	screamer	0	0	0	0	0	4	6	7	10
moralist	0	4	7	13	24	47	92	165	296	bullfrog	0	0	0	0	0	0	0	4	8
prompt	4	7	14	31	73	141	299	524	860	rabbi	10	14	24	32	44	66	97	158	250
horsemanship	2	6	6	8	11	14	17	24	44	amplification	5	7	9	18	26	39	66	104	205
wantonness	0	1	1	1	4	11	21	47	104	adulteress	1	1	1	1	1	1	2	3	5
sufferance	0	0	0	0	0	0	0	0	0	fecundity	0	0	0	1	2	3	8	16	42
yield	4	6	13	42	84	150	277	519	907	myth	5	13	25	51	87	161	305	523	862
dross	0	0	0	0	1	1	4	7	14	harpy	0	0	0	1	3	3	3	3	12
impartiality	2	3	8	14	25	37	58	98	147	demarcation	0	1	4	7	10	11	13	17	40
disinclination	0	1	3	7	10	15	23	36	74	humanitarianism	1	2	3	6	16	32	58	96	156
barrenness	0	0	0	2	3	3	7	19	38	mutilation	3	7	7	12	16	26	47	75	116
hereafter	8	8	9	10	15	30	66	107	200	trapdoor	0	0	0	1	1	1	1	2	3
handmaid	0	0	0	0	2	3	4	8	13	clapper	0	0	0	0	0	0	0	0	1
dare	17	33	67	123	209	324	486	723	1048	urge	13	26	62	126	234	387	653	972	1440
benignity	0	0	0	1	4	8	17	42	76	miscellany	0	1	1	1	5	9	10	18	31
waggon	0	1	1	1	2	2	5	8	13	scart	5	9	11	14	21	32	41	63	94
servility	1	1	3	7	16	38	81	139	258	entendre	1	1	1	1	5	5	8	15	27
calumny	5	6	8	14	24	38	57	97	170	typhus	3	3	5	8	15	21	29	47	72
imposture	0	0	0	0	2	5	17	31	63	handspike	0	0	0	0	1	6	36	154	748
delineation	1	3	6	7	8	12	16	25	38	fallibility	4	6	10	13	27	47	77	137	244
impertinent	2	2	9	12	17	31	62	114	216	divergence	2	3	6	6	13	22	41	70	128
malignant	30	46	55	77	125	176	264	377	531	bedchamber	0	0	0	2	2	4	6	9	14
odium	0	0	1	1	1	3	3	4	8	wych	0	0	0	0	0	0	0	0	0
pent	1	1	1	1	1	1	1	1	1	ewe	1	1	3	3	4	6	13	18	31
subordination	0	0	3	6	9	14	20	38	79	conglomeration	3	4	6	7	10	13	23	39	62
sufficiency	0	0	0	1	1	2	7	16	27	motherland	1	1	1	1	2	3	6	11	29
utmost	6	14	31	53	100	161	272	448	713	moose	9	15	24	37	51	77	113	159	235
extenuation	0	0	0	0	0	0	1	4	10	antichrist	3	5	7	11	18	32	42	70	115
gracefulness	0	1	6	9	26	52	78	135	229	nonexistence	2	3	3	4	7	17	25	42	73
hark	0	0	1	1	1	2	3	4	7	hasp	1	1	2	2	2	3	5	7	11
licentiousness	2	5	8	14	20	32	49	85	170	reasonableness	0	1	2	11	19	29	42	71	123
godliness	0	1	2	3	10	15	20	38	65	sourness	22	29	36	45	60	82	98	124	172
canker	2	4	5	9	11	23	35	58	96	hayloft	0	0	0	0	0	2	5	5	12
counterfeit	2	3	6	10	16	27	40	71	114	observatory	2	6	6	8	12	18	28	41	78
usurpation	5	8	9	13	18	31	45	73	135	drumstick	1	1	1	1	1	1	1	3	11
fickleness	1	2	5	15	32	66	112	217	386	herbarium	0	0	0	2	3	3	6	12	18
motley	2	2	2	2	3	4	6	11	25	jingle	3	3	4	6	12	18	28	43	77
instrumentality	0	1	1	1	1	1	3	6	7	punctiliousness	0	0	0	0	0	0	0	21	112
uprightness	1	1	1	2	3	6	9	25	42	candelabrum	0	0	0	0	0	1	3	4	4
parenthesis	2	2	3	4	9	13	24	33	48	highschool	2	4	7	14	18	32	46	76	116
beggary	1	1	3	3	4	4	6	6	11	berlin	19	26	37	57	81	111	177	271	482
enumeration	0	0	1	2	4	5	7	13	36	irradiation	6	8	13	20	32	58	100	177	307
requisite	11	15	26	47	85	138	213	362	619	deduction	19	25	31	45	81	116	183	263	378
partake	5	8	12	21	40	80	159	287	503	scrawl	4	5	6	6	7	8	13	17	26
inquirer	2	3	6	13	24	41	60	96	131	offerin	0	0	0	0	0	1	2	5	15
importation	1	3	6	17	30	46	59	90	148	matchmaker	2	2	4	5	5	5	12	13	20
refutation	4	5	11	16	32	72	111	182	263	brickwork	2	3	5	8	9	17	34	52	76
bursting	7	7	9	16	25	43	76	133	256	freezer	8	18	27	35	52	77	127	193	296
reprobate	0	0	0	0	2	4	9	20	38	consomme	1	1	1	1	3	4	6	6	11
fourscore	0	0	0	0	0	2	6	18	40	consoler	0	0	0	0	0	0	0	0	1
covetousness	2	5	9	13	16	24	35	63	100	chanticleer	0	0	0	0	0	0	0	0	1
rapacity	0	0	1	4	5	17	32	66	137	caitiff	0	0	0	0	0	0	0	0	0
artlessness	0	0	0	0	0	5	11	44	124	pianissimo	0	0	1	1	1	1	3	4	6
bourne	0	0	1	1	3	6	11	27	53	dodgin	0	0	1	1	1	1	1	1	1
inconstancy	1	1	1	1	1	2	5	19	54	housebreaker	0	0	0	0	0	0	0	1	8
oblige	3	6	9	15	22	36	72	144	230	sleet	1	3	5	12	22	33	45	58	77
elucidation	3	3	5	6	7	11	15	23	36	comandante	1	1	1	1	1	1	2	4	6
tarry	0	0	0	0	0	0	1	3	9	stork	1	1	1	1	4	4	7	14	24
subservient	3	4	6	10	11	17	39	72	129	curmudgeon	0	0	0	0	0	3	5	7	17
insufficiency	7	11	18	32	58	95	152	239	367	propagandist	4	6	8	16	29	43	69	114	190
rapine	0	0	0	1	2	2	2	7	18	clement	1	2	7	11	27	60	112	193	354
aggrandizement	2	3	4	6	10	17	24	49	97	expansiveness	1	5	10	19	36	67	141	273	490
begone	0	0	0	0	0	0	0	0	0	scrawls	2	4	5	5	6	7	10	12	21
mitre	1	1	1	2	2	2	3	5	8	frae	0	0	0	0	0	0	1	2	7
didst	11	12	16	20	24	29	36	59	94	tite	0	0	1	1	1	1	1	1	1
mendicant	0	0	0	0	1	1	3	8	17	improvin	0	0	0	0	0	3	9	25	84
emigrant	1	1	1	1	2	2	2	4	8	periwig	0	0	0	0	0	1	5	11	42
resound	0	0	3	3	4	7	7	9	14	cocker	6	10	19	24	36	47	68	89	130
omnipotent	7	11	13	18	25	32	42	68	107	armadillo	0	0	0	0	2	2	4	12	19
forbear	0	0	0	0	0	0	3	15	38	printin	0	0	0	0	0	1	1	2	4
quire	0	0	0	0	0	0	0	0	0	deir	0	0	0	1	4	8	14	19	25
ween	0	0	0	0	1	1	1	3	6	col	1	1	1	5	5	10	18	32	67
bind	3	3	4	4	6	18	44	102	237	grape	22	36	52	80	124	172	253	347	499
tardy	0	0	1	1	1	3	4	7	14	bran	10	14	21	27	43	72	104	151	219
trample	2	3	3	4	6	11	19	33	45	instep	0	0	0	1	5	9	18	31	47
ope	0	0	0	0	0	0	0	0	1	mc	1	1	2	3	11	23	53	128	280
pendent	0	0	1	1	3	5	9	16	22	dulcimer	6	9	10	11	16	23	35	60	73
cavil	0	0	0	0	0	0	0	1	3	itwas	0	0	2	4	6	11	16	32	73
journeying	2	2	4	7	9	20	23	39	74	raconteur	2	3	3	3	6	11	18	33	58
landholder	0	1	2	2	3	3	3	6	9	bootmaker	0	0	0	0	0	0	0	0	0
wert	0	0	0	0	0	3	4	7	14	wich	29	43	65	99	135	230	325	465	681
athwart	0	0	0	0	0	0	0	0	1	bantam	0	0	0	1	3	3	5	6	12
sophist	0	1	3	3	5	6	9	18	29	goodman	1	7	17	47	90	206	346	514	749
atone	3	4	5	10	15	24	39	56	102	john	169	253	398	627	943	1351	1859	2558	3478
wanton	1	1	5	8	12	14	31	55	76	vogue	5	7	11	17	24	42	60	108	191
forsake	1	3	4	10	16	25	56	106	174	lintel	1	1	1	1	1	3	5	13	23
confound	6	11	16	23	38	52	86	139	204	misstep	4	5	5	5	6	14	18	20	39
implore	10	11	15	21	26	37	67	109	192	sickroom	0	0	0	0	0	0	0	0	2
lave	0	0	0	0	0	1	1	2	2	shar	0	0	1	1	3	3	4	13	21
assail	1	1	2	5	11	15	29	63	105	swill	0	0	0	0	0	1	1	1	4
vex	0	0	0	0	0	1	1	1	2	ti	1	3	6	12	16	26	54	92	177
prate	0	0	0	0	1	1	2	3	9	riel	0	0	0	0	0	0	0	2	3
